math score,reading score,writing score
-0.01184909148059062,-0.19366652331768883,-0.36667481548723047
-1.8651451571991657,-0.7638906626500718,-0.9034593304210597
-0.5609738516935018,-0.692612645233524,-1.2389496522547032
0.6745568587855483,0.5903916682643378,-0.031184493653587175
0.7431974538121622,0.2340015811815984,-0.031184493653587175
-0.28641147158704616,0.5191136508477898,0.5056000212802422
-0.35505206661366007,-0.7638906626500718,-0.36667481548723047
1.7728063792113704,1.3031718424298164,1.0423845362140713
-0.28641147158704616,-0.9777247148997154,-0.23247868675377317
-1.3846609920128685,-1.9756169587313857,-1.5744399740883464
2.184649949371054,0.9467817553470771,1.1094826005808
0.88047864386539,1.2318938250132685,1.4449729224144434
0.6745568587855483,1.2318938250132685,1.1094826005808
0.4686350737057066,0.30527959859814624,0.30430582818005614
0.9491192388920038,1.2318938250132685,1.1094826005808
0.12543209857263715,-0.621334627816976,-0.7692632016876024
-0.6296144467201156,-1.6192268716486462,-1.7757341671885325
-0.9041768268265712,-0.5500566104004282,-0.23247868675377317
-1.9337857522257795,-2.6883971328968643,-2.513812875222548
1.0864004289452316,0.447835633431242,1.310776793680986
-0.6296144467201156,-1.262836784565907,-0.9034593304210597
0.26271328862586496,-0.0511104884845931,0.30430582818005614
-1.5905827770927101,-1.0490027323162632,-0.9705573947877885
-1.4533015870394823,-2.260729028397577,-2.446714810855819
-1.110098611906413,-1.761782906481742,-1.7757341671885325
-0.9728174218531851,-0.692612645233524,-0.8363612660543311
0.26271328862586496,-0.12238850590114098,-0.5679690085874165
0.4686350737057066,1.3744498598463644,1.3778748580477147
-2.345629322385463,-1.120280749732811,-1.1718515878879745
1.3609628090516872,0.6616696856808856,0.5726980856469708
0.7431974538121622,0.30527959859814624,0.30430582818005614
-1.8651451571991657,-2.0468949761479336,-1.9770283602887184
-0.1491302815338184,-0.33622255815078456,0.17010969944659882
0.8118380488387761,1.3031718424298164,1.3778748580477147
0.05679150354602327,0.30527959859814624,0.3714038925467848
-0.6982550417467295,0.5191136508477898,0.43850195691351346
-0.01184909148059062,-0.33622255815078456,-0.9705573947877885
-0.6296144467201156,-0.12238850590114098,0.30430582818005614
2.11600935434444,0.8042257205139813,0.5726980856469708
-0.9041768268265712,0.3765576160146941,0.23720776381332748
0.6745568587855483,-0.19366652331768883,-0.2995767511205018
1.3609628090516872,0.6616696856808856,0.9081884074806141
-0.6296144467201156,0.02016752893195477,0.10301163507987016
2.2532905443976676,1.3031718424298164,1.2436787293142575
-0.4923332566668878,-1.6905048890651941,-1.1718515878879745
-0.21777087656043229,-0.4787785929838803,-0.7692632016876024
-0.1491302815338184,0.447835633431242,0.6397961500136995
0.05679150354602327,0.1627235637650505,0.30430582818005614
-0.4923332566668878,-0.4787785929838803,-0.7692632016876024
-0.1491302815338184,-0.12238850590114098,-0.2995767511205018
-1.0414580168797989,-0.8351686800666197,-0.5679690085874165
0.4686350737057066,0.8042257205139813,1.1094826005808
-2.1397075373056214,-1.191558767149359,-1.3060477166214317
-0.6982550417467295,-0.9064466974831675,-1.4402438453548891
-0.7668956367733434,-0.692612645233524,-0.4337728798539591
-0.01184909148059062,0.7329477030974335,1.0423845362140713
1.429603404078301,1.2318938250132685,0.9752864718473427
-1.727863967145938,-0.621334627816976,-1.1718515878879745
0.05679150354602327,-1.3341148019824547,-1.3731457809881604
0.6059162637589344,-0.26494454073423673,-0.031184493653587175
-0.6296144467201156,-0.4787785929838803,-0.6350670729541451
0.12543209857263715,-0.19366652331768883,-0.4337728798539591
0.6745568587855483,0.8755037379305292,0.6397961500136995
1.0864004289452316,1.6595619295125559,1.914659372981544
-1.2473798019596407,0.30527959859814624,0.10301163507987016
0.26271328862586496,-0.692612645233524,-0.8363612660543311
-1.3846609920128685,-1.6905048890651941,-1.3060477166214317
0.8118380488387761,-0.40750057556733243,-0.5679690085874165
-0.4923332566668878,-0.40750057556733243,-0.7692632016876024
-0.7668956367733434,-0.12238850590114098,0.30430582818005614
-0.6982550417467295,-1.262836784565907,-1.4402438453548891
-1.2473798019596407,0.02016752893195477,-0.36667481548723047
0.8118380488387761,0.447835633431242,0.8410903431138854
0.26271328862586496,0.447835633431242,-0.09828255802031584
0.26271328862586496,0.5191136508477898,0.10301163507987016
-1.3846609920128685,-0.4787785929838803,-0.6350670729541451
0.3313538836524788,1.51700589467946,0.8410903431138854
0.7431974538121622,0.2340015811815984,0.5056000212802422
-0.9041768268265712,-1.9043389413148377,-1.5744399740883464
-1.4533015870394823,-0.7638906626500718,-0.4337728798539591
-1.110098611906413,-0.7638906626500718,-0.6350670729541451
0.7431974538121622,0.447835633431242,0.30430582818005614
-0.9728174218531851,0.09144554634850265,0.03591357071314149
-0.28641147158704616,0.447835633431242,0.03591357071314149
2.047368759317826,1.6595619295125559,1.310776793680986
-0.7668956367733434,-1.262836784565907,-0.5008709442206878
0.3313538836524788,0.447835633431242,0.23720776381332748
-0.6982550417467295,-1.6192268716486462,-1.7757341671885325
0.4686350737057066,0.09144554634850265,0.10301163507987016
0.9491192388920038,0.8042257205139813,1.2436787293142575
1.8414469742379844,1.2318938250132685,1.6462671155146293
0.9491192388920038,0.2340015811815984,0.23720776381332748
-0.6296144467201156,-0.4787785929838803,-0.09828255802031584
1.9100875692645982,2.1585080514283908,2.11595356608173
-1.521942182066096,-1.262836784565907,-1.3060477166214317
-0.28641147158704616,-1.4053928193990026,-1.3060477166214317
-0.4923332566668878,-1.120280749732811,-1.037655459154517
-0.9041768268265712,-0.621334627816976,-0.4337728798539591
0.5372756687323205,0.5903916682643378,0.7068942143804281
0.8118380488387761,0.5903916682643378,0.5726980856469708
-0.0804896865072045,-0.19366652331768883,-0.09828255802031584
-1.3846609920128685,-0.8351686800666197,-0.7021651373208738
0.19407269359925106,0.5903916682643378,0.9081884074806141
1.0177598339186178,0.30527959859814624,0.30430582818005614
-0.7668956367733434,-2.260729028397577,-1.641538038455075
1.7041657841847566,0.5903916682643378,0.17010969944659882
0.8118380488387761,1.3031718424298164,1.1765806649475288
-1.7965045621725517,-1.262836784565907,-1.4402438453548891
-0.28641147158704616,0.8755037379305292,0.17010969944659882
-1.659223372119324,-2.5458410980637685,-2.3796167464890905
0.6745568587855483,0.447835633431242,0.3714038925467848
0.6059162637589344,0.6616696856808856,0.5056000212802422
-1.2473798019596407,-0.621334627816976,-0.36667481548723047
-0.5609738516935018,-0.9064466974831675,-0.9034593304210597
-0.5609738516935018,0.02016752893195477,-0.7021651373208738
0.6059162637589344,1.445727877262912,1.2436787293142575
-0.8355362317999573,0.09144554634850265,0.17010969944659882
0.7431974538121622,1.2318938250132685,1.3778748580477147
-1.110098611906413,-1.191558767149359,-0.4337728798539591
-1.7965045621725517,-1.9043389413148377,-1.5744399740883464
0.4686350737057066,0.5903916682643378,1.1765806649475288
-0.35505206661366007,-1.120280749732811,-0.7021651373208738
0.6745568587855483,0.09144554634850265,-0.2995767511205018
-1.521942182066096,-1.262836784565907,-1.5744399740883464
2.2532905443976676,1.018059772763625,1.2436787293142575
1.0864004289452316,1.8021179643456515,2.11595356608173
0.6745568587855483,0.3765576160146941,0.9081884074806141
-0.0804896865072045,0.02016752893195477,-0.2995767511205018
-0.1491302815338184,-0.4787785929838803,-0.7692632016876024
-0.35505206661366007,-1.0490027323162632,-0.8363612660543311
-0.8355362317999573,-1.120280749732811,-0.9705573947877885
0.3999944786790927,0.5903916682643378,0.03591357071314149
0.3999944786790927,0.8042257205139813,0.5056000212802422
-1.3160203969862545,-0.26494454073423673,-0.031184493653587175
-1.0414580168797989,-1.8330609238982898,-1.3060477166214317
-0.4923332566668878,0.1627235637650505,-0.2995767511205018
0.05679150354602327,-0.4787785929838803,-0.7692632016876024
-0.1491302815338184,0.5191136508477898,0.9752864718473427
1.2923222140250732,0.9467817553470771,1.2436787293142575
-0.8355362317999573,-0.5500566104004282,-0.5679690085874165
0.88047864386539,0.09144554634850265,-0.031184493653587175
-1.110098611906413,-0.9064466974831675,-0.7692632016876024
-0.28641147158704616,-0.621334627816976,-0.1653806223870445
-0.4923332566668878,-1.0490027323162632,-1.5073419097216179
2.2532905443976676,2.1585080514283908,2.11595356608173
-1.4533015870394823,-1.8330609238982898,-1.641538038455075
-0.01184909148059062,0.5903916682643378,0.7739922787471568
-0.9041768268265712,-0.19366652331768883,-0.6350670729541451
-0.28641147158704616,0.6616696856808856,0.5056000212802422
0.05679150354602327,-0.26494454073423673,0.30430582818005614
-0.9041768268265712,-0.4787785929838803,-0.7021651373208738
-1.659223372119324,-1.8330609238982898,-1.4402438453548891
-0.21777087656043229,-0.40750057556733243,-0.6350670729541451
1.7041657841847566,1.2318938250132685,1.2436787293142575
1.0177598339186178,1.8021179643456515,1.6462671155146293
1.1550410239718456,0.5903916682643378,0.7068942143804281
1.1550410239718456,2.0159520165952953,1.914659372981544
-0.1491302815338184,-0.4787785929838803,-0.23247868675377317
1.0864004289452316,1.588283912096008,1.5120709867811721
0.19407269359925106,0.3765576160146941,0.43850195691351346
-0.0804896865072045,0.1627235637650505,0.10301163507987016
0.26271328862586496,1.2318938250132685,1.5791690511479008
-0.0804896865072045,-0.40750057556733243,-0.7021651373208738
-0.6982550417467295,-0.40750057556733243,-0.031184493653587175
1.2923222140250732,1.445727877262912,1.6462671155146293
0.88047864386539,1.0893377901801728,0.9752864718473427
-0.35505206661366007,-0.692612645233524,-0.6350670729541451
0.26271328862586496,0.09144554634850265,0.5056000212802422
-0.6982550417467295,-0.26494454073423673,0.17010969944659882
0.12543209857263715,-0.40750057556733243,-0.4337728798539591
1.0864004289452316,0.30527959859814624,0.23720776381332748
-1.1787392069330267,-0.9777247148997154,-0.5679690085874165
-0.8355362317999573,-0.9777247148997154,-0.8363612660543311
-0.8355362317999573,-1.191558767149359,-1.1718515878879745
1.0864004289452316,1.6595619295125559,1.7804632442480868
1.498243999104915,1.2318938250132685,1.1765806649475288
-1.110098611906413,-0.5500566104004282,-0.2995767511205018
-1.3160203969862545,-1.262836784565907,-1.3060477166214317
1.1550410239718456,1.8021179643456515,1.3778748580477147
0.12543209857263715,0.9467817553470771,0.5056000212802422
0.5372756687323205,1.0893377901801728,1.2436787293142575
1.6355251891581428,2.1585080514283908,2.048855501715001
0.6059162637589344,0.5191136508477898,-0.09828255802031584
-0.28641147158704616,-0.621334627816976,-0.6350670729541451
0.3999944786790927,-0.33622255815078456,-0.2995767511205018
-1.0414580168797989,-0.4787785929838803,-1.037655459154517
-0.6296144467201156,-0.9064466974831675,-1.037655459154517
-2.345629322385463,-1.3341148019824547,-1.1718515878879745
0.05679150354602327,-0.5500566104004282,-0.5008709442206878
0.6745568587855483,1.51700589467946,1.3778748580477147
-0.21777087656043229,-0.40750057556733243,-0.1653806223870445
-1.9337857522257795,-1.4766708368155506,-1.3731457809881604
-1.1787392069330267,-1.6905048890651941,-1.3731457809881604
-0.9728174218531851,-0.9064466974831675,-1.1718515878879745
-0.9041768268265712,-0.5500566104004282,0.10301163507987016
0.4686350737057066,-0.4787785929838803,-0.23247868675377317
-1.1787392069330267,-0.4787785929838803,-0.23247868675377317
-0.8355362317999573,-1.120280749732811,-1.4402438453548891
0.6745568587855483,-0.40750057556733243,0.10301163507987016
-1.2473798019596407,-0.40750057556733243,-0.09828255802031584
-0.0804896865072045,0.9467817553470771,0.9081884074806141
0.6745568587855483,0.30527959859814624,0.43850195691351346
0.4686350737057066,0.5903916682643378,1.0423845362140713
1.2236816189984594,0.5903916682643378,0.8410903431138854
0.6745568587855483,1.1606158075967208,1.0423845362140713
-0.21777087656043229,-0.5500566104004282,-0.1653806223870445
-0.42369266164027397,-0.0511104884845931,-0.031184493653587175
2.047368759317826,1.3031718424298164,1.1094826005808
-0.0804896865072045,0.3765576160146941,0.10301163507987016
-0.35505206661366007,-0.26494454073423673,-0.2995767511205018
-0.21777087656043229,0.7329477030974335,0.5726980856469708
-0.8355362317999573,-0.9064466974831675,-0.5679690085874165
-0.9728174218531851,0.1627235637650505,-0.1653806223870445
0.26271328862586496,0.8042257205139813,0.5726980856469708
-0.0804896865072045,-0.7638906626500718,-0.031184493653587175
0.05679150354602327,-0.621334627816976,-0.4337728798539591
1.498243999104915,1.445727877262912,0.9752864718473427
-0.1491302815338184,-0.0511104884845931,0.3714038925467848
-1.659223372119324,-1.5479488542320983,-1.641538038455075
0.8118380488387761,0.5191136508477898,0.9752864718473427
2.184649949371054,1.7308399469291036,1.914659372981544
1.0177598339186178,-0.0511104884845931,0.23720776381332748
-2.208348132332235,-2.4032850632306726,-1.9770283602887184
-0.42369266164027397,0.09144554634850265,0.30430582818005614
0.6059162637589344,0.7329477030974335,0.8410903431138854
1.8414469742379844,0.9467817553470771,0.9081884074806141
0.5372756687323205,1.445727877262912,0.6397961500136995
0.9491192388920038,0.3765576160146941,0.10301163507987016
-2.208348132332235,-1.8330609238982898,-2.3796167464890905
0.6059162637589344,0.30527959859814624,0.23720776381332748
-0.6296144467201156,0.6616696856808856,0.9081884074806141
2.2532905443976676,1.51700589467946,1.4449729224144434
-0.9728174218531851,-0.12238850590114098,-0.2995767511205018
1.0177598339186178,1.8021179643456515,1.8475613086148155
0.6059162637589344,-0.5500566104004282,-0.2995767511205018
1.0864004289452316,0.3765576160146941,0.43850195691351346
0.3313538836524788,1.018059772763625,0.9081884074806141
0.6059162637589344,0.447835633431242,0.9752864718473427
-0.0804896865072045,-0.40750057556733243,-0.7021651373208738
-0.28641147158704616,-0.33622255815078456,-0.36667481548723047
0.05679150354602327,0.30527959859814624,0.17010969944659882
-1.8651451571991657,-1.262836784565907,-1.7757341671885325
0.05679150354602327,0.09144554634850265,-0.5008709442206878
-0.7668956367733434,-1.120280749732811,-1.1047535235212458
0.4686350737057066,0.9467817553470771,0.7739922787471568
-0.9728174218531851,0.02016752893195477,0.17010969944659882
1.429603404078301,-0.33622255815078456,0.10301163507987016
-0.01184909148059062,-0.4787785929838803,-0.5008709442206878
-0.4923332566668878,0.447835633431242,-0.23247868675377317
-1.110098611906413,-0.621334627816976,-0.9705573947877885
-0.9728174218531851,-0.26494454073423673,-0.6350670729541451
0.88047864386539,0.5903916682643378,0.3714038925467848
0.12543209857263715,0.09144554634850265,-0.09828255802031584
-0.21777087656043229,0.6616696856808856,0.10301163507987016
0.88047864386539,1.2318938250132685,1.3778748580477147
-0.6296144467201156,0.1627235637650505,-0.4337728798539591
-1.9337857522257795,-1.6905048890651941,-1.2389496522547032
-0.21777087656043229,-0.9777247148997154,-1.2389496522547032
-0.42369266164027397,-0.26494454073423673,-0.36667481548723047
1.5668845941315288,0.8755037379305292,1.310776793680986
0.3999944786790927,0.09144554634850265,-0.2995767511205018
0.3999944786790927,0.2340015811815984,0.10301163507987016
-0.01184909148059062,0.447835633431242,0.5726980856469708
-0.6982550417467295,-0.8351686800666197,-0.4337728798539591
-0.1491302815338184,0.2340015811815984,0.23720776381332748
0.26271328862586496,0.1627235637650505,0.17010969944659882
-0.5609738516935018,-0.0511104884845931,0.23720776381332748
0.4686350737057066,0.09144554634850265,-0.23247868675377317
1.7728063792113704,2.1585080514283908,1.6462671155146293
1.2236816189984594,1.6595619295125559,1.5791690511479008
0.6059162637589344,0.9467817553470771,0.7068942143804281
-0.6296144467201156,0.1627235637650505,0.10301163507987016
0.3313538836524788,0.5191136508477898,0.5726980856469708
-1.8651451571991657,-1.4766708368155506,-1.4402438453548891
0.5372756687323205,0.2340015811815984,-0.1653806223870445
1.2236816189984594,0.8042257205139813,0.7739922787471568
2.2532905443976676,2.1585080514283908,2.11595356608173
-0.9728174218531851,-0.33622255815078456,-0.1653806223870445
-1.8651451571991657,-1.9756169587313857,-1.9770283602887184
-1.2473798019596407,-1.4766708368155506,-1.3060477166214317
0.6745568587855483,0.7329477030974335,0.7739922787471568
1.0177598339186178,1.3744498598463644,1.0423845362140713
-0.8355362317999573,-1.5479488542320983,-1.7757341671885325
-0.35505206661366007,0.09144554634850265,0.5726980856469708
0.12543209857263715,-0.4787785929838803,-0.6350670729541451
0.7431974538121622,0.30527959859814624,0.5056000212802422
0.26271328862586496,0.5191136508477898,0.9081884074806141
-0.5609738516935018,0.09144554634850265,-0.1653806223870445
-0.4923332566668878,0.3765576160146941,0.10301163507987016
-1.659223372119324,-0.692612645233524,-0.5679690085874165
0.6745568587855483,0.9467817553470771,1.1765806649475288
-1.1787392069330267,-1.6192268716486462,-1.5073419097216179
-0.7668956367733434,-0.8351686800666197,-1.1047535235212458
0.12543209857263715,-0.8351686800666197,-1.2389496522547032
-1.3846609920128685,-1.9043389413148377,-1.9770283602887184
-1.3160203969862545,-2.189451010981029,-1.9099302959219897
-0.8355362317999573,-0.5500566104004282,-1.3060477166214317
0.3999944786790927,-0.12238850590114098,-0.1653806223870445
0.26271328862586496,-0.4787785929838803,-0.1653806223870445
-0.9041768268265712,-0.9064466974831675,-0.5679690085874165
-0.0804896865072045,-0.621334627816976,-0.36667481548723047
-0.28641147158704616,-0.4787785929838803,-0.09828255802031584
-0.0804896865072045,0.8042257205139813,0.30430582818005614
0.8118380488387761,0.7329477030974335,0.43850195691351346
0.3999944786790927,-0.0511104884845931,0.10301163507987016
-2.1397075373056214,-0.9064466974831675,-1.037655459154517
-1.1787392069330267,-1.5479488542320983,-1.7086361028218038
1.3609628090516872,0.5903916682643378,0.7739922787471568
0.26271328862586496,-0.12238850590114098,-0.36667481548723047
1.2236816189984594,1.2318938250132685,1.713365179881358
-0.6296144467201156,-0.19366652331768883,-0.2995767511205018
1.2923222140250732,0.9467817553470771,0.8410903431138854
-0.21777087656043229,1.1606158075967208,1.3778748580477147
1.0864004289452316,1.0893377901801728,0.7068942143804281
-0.6296144467201156,-0.9777247148997154,-1.3060477166214317
-0.5609738516935018,0.9467817553470771,0.8410903431138854
-1.8651451571991657,-0.8351686800666197,-0.9705573947877885
1.0177598339186178,0.9467817553470771,1.1094826005808
1.3609628090516872,1.018059772763625,0.7739922787471568
-0.35505206661366007,-0.33622255815078456,-0.2995767511205018
0.6059162637589344,0.7329477030974335,0.6397961500136995
-0.28641147158704616,-0.0511104884845931,-0.5679690085874165
-0.6296144467201156,-0.692612645233524,-0.6350670729541451
-0.42369266164027397,-0.4787785929838803,-0.23247868675377317
0.7431974538121622,-0.0511104884845931,0.17010969944659882
0.7431974538121622,1.445727877262912,0.8410903431138854
-0.7668956367733434,-1.120280749732811,-1.7086361028218038
1.9787281642912122,0.9467817553470771,0.9081884074806141
-1.3160203969862545,-1.9043389413148377,-1.9099302959219897
0.19407269359925106,0.447835633431242,0.23720776381332748
-1.659223372119324,-0.12238850590114098,-0.7021651373208738
-1.521942182066096,-1.6905048890651941,-1.3060477166214317
-0.6296144467201156,-0.12238850590114098,-0.4337728798539591
0.19407269359925106,0.2340015811815984,0.7739922787471568
-0.4923332566668878,-0.621334627816976,-0.7021651373208738
-1.0414580168797989,-1.191558767149359,-1.4402438453548891
-0.42369266164027397,-0.5500566104004282,-0.9705573947877885
-0.8355362317999573,0.02016752893195477,-0.5008709442206878
0.88047864386539,0.7329477030974335,0.7068942143804281
-0.28641147158704616,-0.692612645233524,-0.9705573947877885
0.8118380488387761,0.6616696856808856,1.2436787293142575
0.4686350737057066,0.5903916682643378,0.23720776381332748
-1.4533015870394823,-0.8351686800666197,-0.2995767511205018
0.3313538836524788,1.3031718424298164,1.5791690511479008
-0.6296144467201156,-0.40750057556733243,-0.2995767511205018
-1.3846609920128685,-1.4053928193990026,-1.4402438453548891
0.05679150354602327,0.5903916682643378,1.0423845362140713
0.05679150354602327,0.09144554634850265,-0.09828255802031584
-0.1491302815338184,0.3765576160146941,-0.031184493653587175
-1.1787392069330267,-1.120280749732811,-1.1718515878879745
-1.3160203969862545,0.09144554634850265,-0.031184493653587175
-0.6296144467201156,-0.692612645233524,-0.2995767511205018
0.26271328862586496,0.30527959859814624,-0.031184493653587175
-0.6296144467201156,-1.262836784565907,-1.3731457809881604
-0.0804896865072045,1.445727877262912,0.9752864718473427
-1.5905827770927101,-1.191558767149359,-1.7086361028218038
-1.110098611906413,-0.4787785929838803,-0.1653806223870445
0.7431974538121622,0.9467817553470771,0.5726980856469708
0.3313538836524788,0.09144554634850265,-0.23247868675377317
-0.4923332566668878,-0.40750057556733243,-0.09828255802031584
-0.8355362317999573,-0.621334627816976,-0.5679690085874165
-0.21777087656043229,-0.19366652331768883,-0.2995767511205018
-0.6982550417467295,-0.40750057556733243,-0.5679690085874165
0.19407269359925106,0.3765576160146941,0.3714038925467848
1.1550410239718456,0.1627235637650505,0.5056000212802422
-0.0804896865072045,0.09144554634850265,0.5056000212802422
-0.7668956367733434,-0.33622255815078456,0.30430582818005614
-0.5609738516935018,-1.191558767149359,-0.8363612660543311
1.3609628090516872,1.3744498598463644,1.0423845362140713
0.3999944786790927,0.3765576160146941,-0.2995767511205018
1.2236816189984594,1.51700589467946,1.3778748580477147
-1.2473798019596407,-1.120280749732811,-1.7757341671885325
1.0177598339186178,1.2318938250132685,1.4449729224144434
0.88047864386539,1.445727877262912,1.4449729224144434
-1.3160203969862545,-1.3341148019824547,-1.7086361028218038
1.2236816189984594,0.9467817553470771,1.713365179881358
0.19407269359925106,0.5903916682643378,0.5056000212802422
1.498243999104915,1.018059772763625,0.8410903431138854
0.3313538836524788,1.1606158075967208,0.7068942143804281
0.88047864386539,1.1606158075967208,1.2436787293142575
-1.659223372119324,-0.9064466974831675,-1.2389496522547032
-0.9041768268265712,-0.621334627816976,-0.5008709442206878
1.0177598339186178,0.8755037379305292,0.6397961500136995
0.4686350737057066,0.7329477030974335,0.6397961500136995
-0.28641147158704616,-0.5500566104004282,-0.2995767511205018
-1.3846609920128685,-0.9777247148997154,-1.1718515878879745
-0.01184909148059062,-0.8351686800666197,-0.8363612660543311
-0.6982550417467295,-0.7638906626500718,-0.9705573947877885
-0.21777087656043229,0.5903916682643378,0.9752864718473427
1.2236816189984594,2.1585080514283908,2.11595356608173
0.19407269359925106,0.7329477030974335,1.1765806649475288
1.5668845941315288,0.2340015811815984,0.9752864718473427
-0.9728174218531851,0.02016752893195477,0.03591357071314149
0.4686350737057066,0.2340015811815984,0.43850195691351346
-0.42369266164027397,0.09144554634850265,-0.09828255802031584
-0.8355362317999573,0.30527959859814624,0.30430582818005614
-0.1491302815338184,-0.4787785929838803,-0.1653806223870445
0.6745568587855483,0.5191136508477898,0.7068942143804281
0.4686350737057066,-0.621334627816976,-0.8363612660543311
1.8414469742379844,1.588283912096008,1.1094826005808
-0.9041768268265712,-0.40750057556733243,-0.031184493653587175
-1.0414580168797989,-1.4766708368155506,-1.7086361028218038
0.3999944786790927,0.3765576160146941,0.17010969944659882
0.9491192388920038,0.1627235637650505,-0.7021651373208738
-0.35505206661366007,0.3765576160146941,0.23720776381332748
-0.8355362317999573,-0.692612645233524,-0.5008709442206878
-0.8355362317999573,-0.621334627816976,-0.5008709442206878
-0.42369266164027397,-0.5500566104004282,-0.5008709442206878
0.5372756687323205,0.02016752893195477,-0.2995767511205018
0.8118380488387761,-0.33622255815078456,-0.6350670729541451
0.19407269359925106,0.02016752893195477,-0.031184493653587175
0.3313538836524788,-0.33622255815078456,-0.6350670729541451
-2.0024263472523933,-1.6905048890651941,-2.3796167464890905
-0.6982550417467295,0.09144554634850265,-0.36667481548723047
0.6059162637589344,0.09144554634850265,0.10301163507987016
-1.521942182066096,-1.761782906481742,-2.044126424655447
0.6745568587855483,0.2340015811815984,0.3714038925467848
0.7431974538121622,0.9467817553470771,0.6397961500136995
-0.28641147158704616,-0.33622255815078456,-0.1653806223870445
1.0864004289452316,0.02016752893195477,0.30430582818005614
-0.8355362317999573,-1.262836784565907,-1.4402438453548891
1.429603404078301,0.5903916682643378,0.5056000212802422
1.0177598339186178,0.9467817553470771,1.1094826005808
1.2923222140250732,0.09144554634850265,0.17010969944659882
-0.42369266164027397,0.30527959859814624,0.23720776381332748
0.7431974538121622,1.0893377901801728,1.6462671155146293
-0.01184909148059062,-0.4787785929838803,-0.1653806223870445
1.0864004289452316,1.2318938250132685,0.9752864718473427
0.05679150354602327,0.30527959859814624,0.03591357071314149
-0.9728174218531851,-1.262836784565907,-1.641538038455075
1.6355251891581428,1.3031718424298164,1.4449729224144434
-0.01184909148059062,-0.26494454073423673,-0.1653806223870445
-0.9728174218531851,-0.40750057556733243,-0.4337728798539591
1.2923222140250732,2.1585080514283908,2.11595356608173
0.5372756687323205,0.02016752893195477,-0.5008709442206878
-0.8355362317999573,-2.260729028397577,-2.245420617755633
1.7728063792113704,1.1606158075967208,1.7804632442480868
-0.35505206661366007,0.09144554634850265,-0.1653806223870445
1.0864004289452316,0.447835633431242,0.17010969944659882
0.3999944786790927,0.1627235637650505,-0.2995767511205018
-0.6982550417467295,-1.262836784565907,-1.037655459154517
0.19407269359925106,0.3765576160146941,0.43850195691351346
-0.8355362317999573,-0.5500566104004282,-0.2995767511205018
-0.1491302815338184,-0.9777247148997154,-1.1718515878879745
0.6059162637589344,1.0893377901801728,1.310776793680986
-0.5609738516935018,-1.6192268716486462,-1.5073419097216179
0.4686350737057066,0.2340015811815984,0.5726980856469708
-0.1491302815338184,-0.7638906626500718,-0.5679690085874165
1.498243999104915,1.2318938250132685,1.3778748580477147
0.26271328862586496,0.8755037379305292,0.9081884074806141
-0.28641147158704616,-0.0511104884845931,-0.6350670729541451
-0.6982550417467295,-1.0490027323162632,-0.5679690085874165
-0.7668956367733434,-0.19366652331768883,-0.8363612660543311
-1.2473798019596407,-1.8330609238982898,-1.842832231555261
0.12543209857263715,0.2340015811815984,0.17010969944659882
-1.2473798019596407,-0.5500566104004282,-0.5679690085874165
-0.01184909148059062,-0.5500566104004282,-0.7021651373208738
0.4686350737057066,1.0893377901801728,0.9081884074806141
-1.3846609920128685,-0.19366652331768883,-0.36667481548723047
-0.28641147158704616,-0.4787785929838803,0.03591357071314149
0.3999944786790927,-1.3341148019824547,-1.037655459154517
1.6355251891581428,1.7308399469291036,1.8475613086148155
0.88047864386539,1.2318938250132685,0.7068942143804281
-0.0804896865072045,0.2340015811815984,-0.031184493653587175
-1.0414580168797989,-1.5479488542320983,-1.7086361028218038
-0.1491302815338184,0.09144554634850265,-0.23247868675377317
1.0864004289452316,0.3765576160146941,0.17010969944659882
0.88047864386539,1.0893377901801728,0.6397961500136995
0.05679150354602327,-0.12238850590114098,-0.6350670729541451
0.05679150354602327,0.2340015811815984,-0.031184493653587175
-0.35505206661366007,-1.9043389413148377,-1.5744399740883464
0.6059162637589344,1.3031718424298164,1.0423845362140713
0.6745568587855483,0.6616696856808856,0.9752864718473427
1.0864004289452316,0.8042257205139813,0.9752864718473427
0.26271328862586496,0.5903916682643378,0.9081884074806141
1.2923222140250732,1.51700589467946,1.3778748580477147
1.7728063792113704,1.8733959817621995,1.8475613086148155
-0.4923332566668878,-0.40750057556733243,-0.5679690085874165
-0.6982550417467295,-0.9777247148997154,-0.7021651373208738
1.1550410239718456,0.6616696856808856,0.3714038925467848
-0.0804896865072045,0.09144554634850265,0.43850195691351346
1.2236816189984594,-0.0511104884845931,0.3714038925467848
-0.6982550417467295,-0.12238850590114098,0.5056000212802422
-1.7965045621725517,-1.4766708368155506,-1.3060477166214317
0.5372756687323205,0.447835633431242,0.5056000212802422
-0.1491302815338184,-0.4787785929838803,-0.5679690085874165
0.7431974538121622,-0.33622255815078456,-0.5679690085874165
0.26271328862586496,-0.40750057556733243,-0.1653806223870445
1.2923222140250732,1.588283912096008,1.6462671155146293
1.498243999104915,1.018059772763625,0.8410903431138854
-0.9728174218531851,-0.40750057556733243,-0.36667481548723047
1.3609628090516872,1.2318938250132685,1.5791690511479008
0.26271328862586496,-0.9064466974831675,-0.6350670729541451
0.6745568587855483,0.7329477030974335,0.23720776381332748
-1.659223372119324,-1.5479488542320983,-1.037655459154517
1.429603404078301,1.51700589467946,1.1765806649475288
1.2923222140250732,0.447835633431242,-0.36667481548723047
-1.521942182066096,-0.9777247148997154,-0.9034593304210597
0.12543209857263715,-0.9777247148997154,-0.7692632016876024
-0.1491302815338184,0.02016752893195477,0.23720776381332748
0.9491192388920038,0.6616696856808856,0.17010969944659882
1.5668845941315288,1.3031718424298164,1.1765806649475288
0.7431974538121622,0.1627235637650505,0.17010969944659882
0.26271328862586496,0.6616696856808856,1.3778748580477147
0.5372756687323205,0.7329477030974335,0.23720776381332748
0.19407269359925106,-0.692612645233524,-0.8363612660543311
-0.9041768268265712,-1.262836784565907,-1.3731457809881604
-1.2473798019596407,-2.4032850632306726,-2.446714810855819
0.88047864386539,0.8755037379305292,0.9081884074806141
0.7431974538121622,1.3744498598463644,1.6462671155146293
1.498243999104915,0.5191136508477898,0.9081884074806141
-0.1491302815338184,0.9467817553470771,0.9081884074806141
0.7431974538121622,0.30527959859814624,0.17010969944659882
0.12543209857263715,1.0893377901801728,0.6397961500136995
-1.2473798019596407,-1.6192268716486462,-1.3731457809881604
-1.1787392069330267,-0.40750057556733243,-0.1653806223870445
0.8118380488387761,0.447835633431242,0.17010969944659882
1.498243999104915,1.588283912096008,1.914659372981544
-1.3160203969862545,-0.621334627816976,-0.6350670729541451
-0.28641147158704616,-0.19366652331768883,0.17010969944659882
1.429603404078301,2.1585080514283908,1.310776793680986
-0.0804896865072045,0.2340015811815984,0.30430582818005614
-1.521942182066096,-0.7638906626500718,-0.8363612660543311
-0.35505206661366007,0.5903916682643378,0.30430582818005614
0.4686350737057066,0.7329477030974335,1.1765806649475288
1.0177598339186178,1.2318938250132685,1.4449729224144434
1.0864004289452316,-0.4787785929838803,-0.36667481548723047
-0.4923332566668878,0.1627235637650505,0.5056000212802422
-0.0804896865072045,0.2340015811815984,0.23720776381332748
0.6059162637589344,-0.26494454073423673,-0.031184493653587175
0.5372756687323205,0.30527959859814624,0.5056000212802422
0.6745568587855483,0.1627235637650505,0.7068942143804281
1.0177598339186178,1.3031718424298164,1.1765806649475288
-0.28641147158704616,-0.7638906626500718,-0.5679690085874165
0.19407269359925106,1.0893377901801728,1.1094826005808
1.1550410239718456,0.09144554634850265,0.5056000212802422
0.05679150354602327,-0.692612645233524,-0.36667481548723047
-0.7668956367733434,-0.8351686800666197,-1.2389496522547032
-2.0710669422790073,-1.6905048890651941,-1.7086361028218038
-1.2473798019596407,-0.9777247148997154,-1.037655459154517
2.2532905443976676,2.1585080514283908,2.11595356608173
1.0864004289452316,-0.12238850590114098,-0.23247868675377317
1.7041657841847566,2.1585080514283908,1.9817574373482727
0.26271328862586496,-0.5500566104004282,-0.1653806223870445
0.3313538836524788,0.447835633431242,0.30430582818005614
-2.0710669422790073,-1.191558767149359,-1.3731457809881604
-2.208348132332235,-1.9043389413148377,-2.245420617755633
0.12543209857263715,-0.12238850590114098,-0.4337728798539591
-0.1491302815338184,0.2340015811815984,0.8410903431138854
-0.7668956367733434,-1.5479488542320983,-2.1783225533889046
-1.8651451571991657,-1.6905048890651941,-0.7692632016876024
-0.4923332566668878,-0.5500566104004282,-0.5679690085874165
-0.6982550417467295,-0.26494454073423673,0.30430582818005614
-0.6296144467201156,-0.5500566104004282,-0.1653806223870445
0.4686350737057066,1.8021179643456515,1.713365179881358
0.6745568587855483,0.5191136508477898,0.9752864718473427
-0.0804896865072045,-0.9064466974831675,-1.037655459154517
-0.35505206661366007,0.6616696856808856,1.2436787293142575
0.19407269359925106,0.2340015811815984,-0.1653806223870445
-0.01184909148059062,-0.40750057556733243,-0.5679690085874165
0.9491192388920038,1.51700589467946,1.713365179881358
-0.7668956367733434,-1.4053928193990026,-1.7086361028218038
-0.42369266164027397,0.6616696856808856,0.5056000212802422
-1.3846609920128685,-1.120280749732811,-0.8363612660543311
1.429603404078301,1.2318938250132685,1.713365179881358
-1.110098611906413,-1.262836784565907,-1.1047535235212458
0.05679150354602327,-0.692612645233524,-0.4337728798539591
0.05679150354602327,0.09144554634850265,0.17010969944659882
-1.3846609920128685,-1.4766708368155506,-1.2389496522547032
1.1550410239718456,0.5191136508477898,0.9081884074806141
0.12543209857263715,0.1627235637650505,-0.031184493653587175
-1.0414580168797989,-0.0511104884845931,0.43850195691351346
0.88047864386539,0.6616696856808856,0.7068942143804281
2.2532905443976676,1.018059772763625,1.310776793680986
-0.9728174218531851,-0.7638906626500718,-0.2995767511205018
-0.5609738516935018,0.2340015811815984,0.3714038925467848
0.7431974538121622,1.8733959817621995,1.3778748580477147
1.1550410239718456,1.2318938250132685,1.3778748580477147
-1.0414580168797989,0.1627235637650505,0.17010969944659882
0.9491192388920038,0.5903916682643378,0.43850195691351346
1.5668845941315288,1.8021179643456515,2.11595356608173
-0.28641147158704616,0.2340015811815984,-0.1653806223870445
2.2532905443976676,1.9446739991787472,2.11595356608173
-0.7668956367733434,-0.4787785929838803,-0.4337728798539591
-1.4533015870394823,-1.120280749732811,-0.9705573947877885
0.5372756687323205,1.0893377901801728,1.4449729224144434
-1.4533015870394823,-1.3341148019824547,-0.9705573947877885
-1.727863967145938,-2.1181729935644813,-1.9099302959219897
0.6745568587855483,1.1606158075967208,1.4449729224144434
-1.8651451571991657,-0.4787785929838803,-0.8363612660543311
0.12543209857263715,0.09144554634850265,0.5056000212802422
-1.659223372119324,-1.4053928193990026,-1.5744399740883464
0.12543209857263715,0.3765576160146941,0.17010969944659882
1.498243999104915,1.6595619295125559,2.11595356608173
-1.5905827770927101,-2.5458410980637685,-2.1783225533889046
1.0177598339186178,0.9467817553470771,0.5726980856469708
0.3313538836524788,0.1627235637650505,-0.23247868675377317
-0.21777087656043229,-1.191558767149359,-1.2389496522547032
1.498243999104915,0.2340015811815984,0.10301163507987016
-0.6296144467201156,-1.191558767149359,-0.9705573947877885
-0.28641147158704616,0.8042257205139813,0.6397961500136995
-0.9041768268265712,-0.26494454073423673,0.03591357071314149
1.0864004289452316,0.5903916682643378,0.9081884074806141
-0.6982550417467295,0.30527959859814624,-0.2995767511205018
-1.0414580168797989,-1.6192268716486462,-1.3731457809881604
0.5372756687323205,1.6595619295125559,1.914659372981544
-0.01184909148059062,-0.26494454073423673,-0.2995767511205018
-0.6296144467201156,-0.692612645233524,-1.037655459154517
-0.28641147158704616,-0.26494454073423673,-0.031184493653587175
-1.2473798019596407,-0.40750057556733243,-0.7692632016876024
-2.0024263472523933,-1.6192268716486462,-1.1047535235212458
0.4686350737057066,1.0893377901801728,1.0423845362140713
0.12543209857263715,1.018059772763625,0.9081884074806141
0.6745568587855483,0.8755037379305292,0.7739922787471568
-1.8651451571991657,-0.7638906626500718,-0.6350670729541451
1.9787281642912122,2.0159520165952953,2.11595356608173
1.2236816189984594,1.1606158075967208,1.1094826005808
1.2236816189984594,0.5191136508477898,0.5056000212802422
0.3313538836524788,-0.7638906626500718,-0.9705573947877885
-0.28641147158704616,0.5903916682643378,0.30430582818005614
-0.6296144467201156,-0.19366652331768883,-0.7021651373208738
-0.6296144467201156,-0.40750057556733243,-0.9705573947877885
-1.110098611906413,-0.9064466974831675,-1.037655459154517
2.2532905443976676,2.1585080514283908,2.11595356608173
0.6745568587855483,1.018059772763625,1.5791690511479008
-0.28641147158704616,-0.9777247148997154,-0.8363612660543311
-0.21777087656043229,-0.19366652331768883,-0.031184493653587175
2.2532905443976676,0.8755037379305292,0.7739922787471568
-0.0804896865072045,-0.33622255815078456,-0.23247868675377317
1.3609628090516872,1.2318938250132685,1.0423845362140713
0.3999944786790927,0.1627235637650505,0.03591357071314149
0.12543209857263715,-0.26494454073423673,-0.23247868675377317
-0.35505206661366007,-0.40750057556733243,-0.36667481548723047
-1.8651451571991657,-1.5479488542320983,-1.3060477166214317
-0.8355362317999573,-0.12238850590114098,-0.5679690085874165
0.6745568587855483,0.5191136508477898,0.6397961500136995
-0.28641147158704616,0.02016752893195477,0.17010969944659882
1.2236816189984594,1.0893377901801728,1.5120709867811721
1.0177598339186178,0.5191136508477898,0.17010969944659882
0.9491192388920038,0.09144554634850265,0.10301163507987016
1.7041657841847566,2.1585080514283908,1.914659372981544
-1.1787392069330267,-1.5479488542320983,-2.1783225533889046
-0.9041768268265712,-0.692612645233524,-0.8363612660543311
0.6059162637589344,0.9467817553470771,0.6397961500136995
-0.4923332566668878,-0.12238850590114098,0.3714038925467848
-1.521942182066096,0.1627235637650505,-0.1653806223870445
0.88047864386539,0.5191136508477898,0.23720776381332748
-1.0414580168797989,-1.761782906481742,-1.3731457809881604
1.5668845941315288,1.3744498598463644,1.914659372981544
-0.9728174218531851,-0.33622255815078456,0.03591357071314149
1.7041657841847566,1.8021179643456515,1.7804632442480868
-0.28641147158704616,0.5903916682643378,0.43850195691351346
0.26271328862586496,0.5191136508477898,0.7068942143804281
-0.21777087656043229,0.02016752893195477,0.30430582818005614
-0.01184909148059062,0.8042257205139813,1.3778748580477147
-0.28641147158704616,-0.4787785929838803,-0.5008709442206878
-0.28641147158704616,-1.191558767149359,-1.641538038455075
-0.5609738516935018,-1.4766708368155506,-1.5073419097216179
-1.2473798019596407,-1.9043389413148377,-2.245420617755633
0.5372756687323205,1.018059772763625,1.1765806649475288
-2.276988727358849,-1.6192268716486462,-1.5744399740883464
-0.9728174218531851,0.02016752893195477,0.03591357071314149
-0.28641147158704616,-0.9777247148997154,-0.5679690085874165
0.5372756687323205,-0.0511104884845931,-0.23247868675377317
-0.28641147158704616,-0.621334627816976,-0.4337728798539591
0.19407269359925106,0.1627235637650505,0.43850195691351346
-0.42369266164027397,0.2340015811815984,0.10301163507987016
0.4686350737057066,-0.621334627816976,-0.6350670729541451
-0.6982550417467295,-1.4766708368155506,-1.3731457809881604
-1.7965045621725517,-1.262836784565907,-1.4402438453548891
1.3609628090516872,0.7329477030974335,0.5056000212802422
0.12543209857263715,0.09144554634850265,-0.4337728798539591
0.12543209857263715,0.5191136508477898,0.10301163507987016
-0.6296144467201156,-0.9777247148997154,-0.8363612660543311
-1.3846609920128685,-0.0511104884845931,-0.4337728798539591
0.7431974538121622,-0.0511104884845931,0.17010969944659882
-0.9041768268265712,-0.621334627816976,0.17010969944659882
1.8414469742379844,1.588283912096008,1.5791690511479008
0.05679150354602327,1.018059772763625,0.7739922787471568
1.5668845941315288,1.3031718424298164,1.0423845362140713
-0.6982550417467295,-0.9064466974831675,-1.037655459154517
1.9787281642912122,1.8021179643456515,1.4449729224144434
0.05679150354602327,-0.4787785929838803,-0.4337728798539591
-1.0414580168797989,-0.40750057556733243,-0.36667481548723047
1.5668845941315288,0.447835633431242,0.30430582818005614
0.26271328862586496,0.8755037379305292,0.43850195691351346
-0.6296144467201156,-0.0511104884845931,0.3714038925467848
-1.7965045621725517,-2.189451010981029,-2.3125186821223616
-1.659223372119324,-2.332007045814125,-1.7086361028218038
1.2236816189984594,0.02016752893195477,0.17010969944659882
0.26271328862586496,0.1627235637650505,0.03591357071314149
0.3313538836524788,0.02016752893195477,0.23720776381332748
0.19407269359925106,-0.5500566104004282,-0.1653806223870445
1.498243999104915,2.1585080514283908,2.11595356608173
1.7041657841847566,1.1606158075967208,0.9081884074806141
0.88047864386539,0.6616696856808856,0.8410903431138854
0.88047864386539,0.02016752893195477,-0.5679690085874165
-0.7668956367733434,-0.40750057556733243,-0.6350670729541451
1.7728063792113704,1.1606158075967208,0.30430582818005614
-1.2473798019596407,-2.332007045814125,-1.842832231555261
-0.5609738516935018,-0.9064466974831675,-0.7021651373208738
-0.21777087656043229,0.30527959859814624,0.43850195691351346
0.3999944786790927,-0.26494454073423673,-0.6350670729541451
1.0177598339186178,1.1606158075967208,1.4449729224144434
-1.3160203969862545,-1.9043389413148377,-1.842832231555261
-1.110098611906413,-0.40750057556733243,-0.4337728798539591
-2.0024263472523933,-1.6905048890651941,-1.7086361028218038
-1.521942182066096,-1.4053928193990026,-1.7757341671885325
1.0864004289452316,1.588283912096008,1.7804632442480868
-1.521942182066096,-0.9064466974831675,-0.8363612660543311
-0.0804896865072045,-0.40750057556733243,-0.4337728798539591
-0.4923332566668878,-0.5500566104004282,-0.7692632016876024
-1.2473798019596407,-1.6192268716486462,-1.3060477166214317
0.88047864386539,1.018059772763625,1.1765806649475288
0.5372756687323205,-0.12238850590114098,-0.1653806223870445
-0.6982550417467295,-0.12238850590114098,-0.5008709442206878
1.5668845941315288,1.2318938250132685,0.8410903431138854
-0.28641147158704616,0.02016752893195477,0.17010969944659882
2.2532905443976676,1.51700589467946,1.1765806649475288
0.6059162637589344,-0.12238850590114098,-0.1653806223870445
-1.0414580168797989,-0.8351686800666197,-1.037655459154517
0.9491192388920038,1.1606158075967208,1.6462671155146293
1.5668845941315288,1.3744498598463644,1.2436787293142575
1.0864004289452316,0.8755037379305292,0.8410903431138854
-0.42369266164027397,0.2340015811815984,0.03591357071314149
0.8118380488387761,-0.0511104884845931,0.43850195691351346
-1.0414580168797989,-1.191558767149359,-1.1718515878879745
-0.35505206661366007,-0.33622255815078456,-0.09828255802031584
1.2236816189984594,1.445727877262912,1.0423845362140713
0.4686350737057066,1.8733959817621995,1.7804632442480868
1.0864004289452316,1.0893377901801728,0.6397961500136995
0.7431974538121622,0.1627235637650505,0.23720776381332748
-1.7965045621725517,-1.9043389413148377,-1.9099302959219897
0.6745568587855483,1.51700589467946,1.2436787293142575
1.9100875692645982,2.087230034011843,1.5120709867811721
-1.1787392069330267,-0.12238850590114098,-0.1653806223870445
0.4686350737057066,0.447835633431242,0.10301163507987016
0.4686350737057066,1.6595619295125559,1.6462671155146293
0.19407269359925106,-0.5500566104004282,-0.5008709442206878
-0.42369266164027397,-0.7638906626500718,-0.9705573947877885
1.8414469742379844,2.1585080514283908,2.11595356608173
-0.0804896865072045,1.018059772763625,0.5726980856469708
1.0864004289452316,1.3031718424298164,1.6462671155146293
0.5372756687323205,-0.4787785929838803,-0.5679690085874165
-0.7668956367733434,-0.33622255815078456,-0.36667481548723047
-0.0804896865072045,1.3031718424298164,0.9752864718473427
-0.42369266164027397,-0.0511104884845931,-0.1653806223870445
0.19407269359925106,0.6616696856808856,0.30430582818005614
-0.6982550417467295,-0.7638906626500718,-1.037655459154517
0.7431974538121622,1.3744498598463644,1.4449729224144434
-0.35505206661366007,0.447835633431242,-0.09828255802031584
-0.21777087656043229,-1.191558767149359,-1.3060477166214317
-0.8355362317999573,-0.26494454073423673,-0.23247868675377317
0.3313538836524788,0.9467817553470771,0.9752864718473427
-1.2473798019596407,-1.5479488542320983,-1.7757341671885325
-0.35505206661366007,-0.692612645233524,-0.36667481548723047
0.6059162637589344,0.2340015811815984,-0.031184493653587175
0.3999944786790927,1.1606158075967208,1.1094826005808
0.3313538836524788,0.447835633431242,0.6397961500136995
1.2236816189984594,1.0893377901801728,0.5056000212802422
0.26271328862586496,-0.12238850590114098,-0.23247868675377317
-1.7965045621725517,-1.9756169587313857,-2.044126424655447
0.7431974538121622,0.1627235637650505,-0.031184493653587175
-1.3160203969862545,-1.262836784565907,-1.641538038455075
-2.0024263472523933,-1.3341148019824547,-1.4402438453548891
1.6355251891581428,2.1585080514283908,2.11595356608173
0.26271328862586496,0.8042257205139813,0.7739922787471568
1.1550410239718456,1.2318938250132685,1.5791690511479008
-0.28641147158704616,-0.692612645233524,-0.36667481548723047
0.19407269359925106,0.5903916682643378,1.2436787293142575
-1.3160203969862545,-1.262836784565907,-0.7692632016876024
0.05679150354602327,0.1627235637650505,0.30430582818005614
1.1550410239718456,1.018059772763625,1.2436787293142575
-0.42369266164027397,-0.5500566104004282,-0.5679690085874165
-0.35505206661366007,-0.7638906626500718,-0.4337728798539591
-0.0804896865072045,0.5903916682643378,0.9752864718473427
-1.0414580168797989,-0.33622255815078456,0.17010969944659882
0.05679150354602327,0.3765576160146941,0.30430582818005614
-0.35505206661366007,-0.12238850590114098,0.17010969944659882
1.5668845941315288,1.3031718424298164,1.0423845362140713
-1.727863967145938,-1.4053928193990026,-1.641538038455075
0.4686350737057066,1.445727877262912,1.3778748580477147
-0.35505206661366007,-0.621334627816976,-0.5008709442206878
-0.7668956367733434,-1.0490027323162632,-1.2389496522547032
-0.21777087656043229,-1.262836784565907,-0.9705573947877885
0.8118380488387761,1.018059772763625,0.7739922787471568
-1.5905827770927101,-0.33622255815078456,-0.36667481548723047
0.12543209857263715,1.7308399469291036,1.2436787293142575
-0.9728174218531851,-1.5479488542320983,-1.3731457809881604
0.4686350737057066,-0.0511104884845931,-0.5008709442206878
-1.2473798019596407,-1.0490027323162632,-1.3731457809881604
-0.6982550417467295,0.09144554634850265,0.17010969944659882
-0.42369266164027397,0.1627235637650505,-0.2995767511205018
-0.1491302815338184,1.3031718424298164,1.0423845362140713
-1.110098611906413,-0.692612645233524,-1.1047535235212458
-1.2473798019596407,-1.3341148019824547,-1.842832231555261
-0.7668956367733434,-0.33622255815078456,-0.8363612660543311
-0.1491302815338184,-0.5500566104004282,-0.36667481548723047
0.19407269359925106,-0.40750057556733243,-0.4337728798539591
1.6355251891581428,1.8021179643456515,1.310776793680986
-1.3160203969862545,-0.9777247148997154,-0.2995767511205018
1.8414469742379844,2.087230034011843,2.11595356608173
0.6745568587855483,0.447835633431242,0.30430582818005614
-0.5609738516935018,0.5903916682643378,0.43850195691351346
-0.6982550417467295,0.3765576160146941,0.10301163507987016
0.6059162637589344,0.8755037379305292,0.3714038925467848
-0.1491302815338184,-0.4787785929838803,-0.2995767511205018
0.5372756687323205,0.3765576160146941,0.9752864718473427
0.19407269359925106,-0.26494454073423673,-0.23247868675377317
0.8118380488387761,0.6616696856808856,0.10301163507987016
2.2532905443976676,2.1585080514283908,2.11595356608173
1.0864004289452316,1.8733959817621995,2.048855501715001
0.19407269359925106,1.018059772763625,0.6397961500136995
2.047368759317826,0.7329477030974335,1.310776793680986
-2.345629322385463,-2.6883971328968643,-2.245420617755633
-2.0024263472523933,-2.1181729935644813,-1.842832231555261
-1.4533015870394823,-1.3341148019824547,-1.4402438453548891
1.2236816189984594,0.9467817553470771,0.6397961500136995
0.8118380488387761,0.6616696856808856,0.7739922787471568
0.6059162637589344,0.8042257205139813,0.7068942143804281
-0.9728174218531851,0.02016752893195477,-0.23247868675377317
0.05679150354602327,0.02016752893195477,-0.36667481548723047
-0.01184909148059062,0.02016752893195477,0.10301163507987016
2.2532905443976676,1.018059772763625,1.310776793680986
-0.9041768268265712,-1.5479488542320983,-1.5744399740883464
0.3313538836524788,0.2340015811815984,0.10301163507987016
1.6355251891581428,1.9446739991787472,1.7804632442480868
1.3609628090516872,0.8042257205139813,1.1765806649475288
-0.0804896865072045,0.3765576160146941,0.3714038925467848
-0.1491302815338184,-0.26494454073423673,-0.2995767511205018
-1.7965045621725517,-0.9777247148997154,-1.037655459154517
-0.01184909148059062,-0.0511104884845931,-0.23247868675377317
1.8414469742379844,1.3744498598463644,1.1765806649475288
-0.6982550417467295,0.02016752893195477,-0.031184493653587175
1.498243999104915,0.9467817553470771,0.7739922787471568
0.6745568587855483,0.2340015811815984,0.7739922787471568
-0.6982550417467295,-0.692612645233524,-1.2389496522547032
0.3313538836524788,0.1627235637650505,0.23720776381332748
2.11600935434444,1.7308399469291036,1.7804632442480868
1.3609628090516872,1.9446739991787472,2.11595356608173
-0.42369266164027397,-0.9064466974831675,-0.9034593304210597
1.2236816189984594,2.1585080514283908,1.914659372981544
0.9491192388920038,1.0893377901801728,1.5120709867811721
0.4686350737057066,1.018059772763625,0.7068942143804281
2.11600935434444,1.588283912096008,1.4449729224144434
1.2923222140250732,1.018059772763625,1.3778748580477147
1.2236816189984594,0.8042257205139813,0.9081884074806141
0.05679150354602327,0.09144554634850265,-0.36667481548723047
-0.0804896865072045,0.5903916682643378,0.5726980856469708
0.5372756687323205,0.30527959859814624,0.17010969944659882
0.8118380488387761,-0.9064466974831675,-0.7021651373208738
-0.5609738516935018,1.0893377901801728,0.9081884074806141
-0.4923332566668878,-0.5500566104004282,-0.7021651373208738
0.12543209857263715,-0.692612645233524,-0.9705573947877885
-1.2473798019596407,-1.120280749732811,-0.7021651373208738
-0.35505206661366007,-1.8330609238982898,-1.1047535235212458
0.19407269359925106,1.018059772763625,0.9752864718473427
0.26271328862586496,-0.9064466974831675,-0.5679690085874165
0.26271328862586496,-0.0511104884845931,-0.23247868675377317
-1.1787392069330267,-0.7638906626500718,-0.9705573947877885
-1.0414580168797989,-1.0490027323162632,-0.7692632016876024
0.5372756687323205,-0.33622255815078456,-0.1653806223870445
-1.110098611906413,-0.40750057556733243,-0.36667481548723047
-0.21777087656043229,-1.5479488542320983,-1.2389496522547032
-0.1491302815338184,0.447835633431242,0.23720776381332748
2.184649949371054,0.8042257205139813,1.2436787293142575
-0.4923332566668878,-0.5500566104004282,-0.7021651373208738
0.19407269359925106,0.5903916682643378,0.7739922787471568
0.6745568587855483,0.447835633431242,0.5726980856469708
0.3999944786790927,0.2340015811815984,-0.5008709442206878
-0.9728174218531851,0.30527959859814624,0.43850195691351346
-0.01184909148059062,-0.8351686800666197,-0.4337728798539591
-0.01184909148059062,0.6616696856808856,0.7739922787471568
-1.110098611906413,-0.9064466974831675,-1.2389496522547032
-0.21777087656043229,0.09144554634850265,0.10301163507987016
-0.8355362317999573,-1.9756169587313857,-1.7086361028218038
-0.8355362317999573,-2.189451010981029,-1.1718515878879745
1.2923222140250732,0.5191136508477898,0.6397961500136995
0.26271328862586496,1.3031718424298164,1.1094826005808
0.26271328862586496,-0.4787785929838803,-0.2995767511205018
-1.110098611906413,-0.19366652331768883,0.03591357071314149
0.5372756687323205,0.447835633431242,1.1094826005808
-0.5609738516935018,-1.120280749732811,-1.3731457809881604
-0.21777087656043229,-0.0511104884845931,-0.031184493653587175
0.7431974538121622,-0.0511104884845931,0.30430582818005614
-0.5609738516935018,-0.621334627816976,-0.7021651373208738
0.88047864386539,0.02016752893195477,0.17010969944659882
0.05679150354602327,0.8755037379305292,0.5726980856469708
0.6745568587855483,0.8042257205139813,0.7068942143804281
-0.0804896865072045,-0.19366652331768883,-0.2995767511205018
0.88047864386539,-0.26494454073423673,0.03591357071314149
-1.3160203969862545,-0.5500566104004282,-0.5008709442206878
-1.0414580168797989,-0.40750057556733243,-0.9034593304210597
-0.9041768268265712,-0.40750057556733243,-0.2995767511205018
-0.5609738516935018,-0.12238850590114098,-0.09828255802031584
0.6745568587855483,-0.5500566104004282,-0.23247868675377317
-0.21777087656043229,0.02016752893195477,0.03591357071314149
1.0864004289452316,0.1627235637650505,-0.031184493653587175
0.19407269359925106,0.2340015811815984,0.03591357071314149
0.3313538836524788,-0.12238850590114098,-0.09828255802031584
1.0864004289452316,0.5903916682643378,0.7068942143804281
-1.0414580168797989,-0.8351686800666197,-0.7692632016876024
-0.9728174218531851,0.2340015811815984,0.3714038925467848
-0.8355362317999573,-1.0490027323162632,-0.9034593304210597
-0.1491302815338184,-0.4787785929838803,-0.5008709442206878
-0.4923332566668878,-0.19366652331768883,-0.2995767511205018
-0.21777087656043229,-0.5500566104004282,-0.6350670729541451
0.26271328862586496,0.1627235637650505,0.03591357071314149
-0.42369266164027397,0.09144554634850265,-0.23247868675377317
-0.42369266164027397,-1.0490027323162632,-0.7021651373208738
-0.1491302815338184,0.30527959859814624,0.7068942143804281
0.26271328862586496,0.9467817553470771,1.3778748580477147
-1.3160203969862545,-1.4766708368155506,-1.641538038455075
0.5372756687323205,0.7329477030974335,0.43850195691351346
-0.9041768268265712,-0.26494454073423673,-0.23247868675377317
0.19407269359925106,-0.40750057556733243,-0.23247868675377317
1.6355251891581428,0.5191136508477898,0.23720776381332748
-2.345629322385463,-1.8330609238982898,-1.2389496522547032
-1.521942182066096,-1.4053928193990026,-1.842832231555261
-1.521942182066096,-2.6171191154803166,-2.446714810855819
-0.35505206661366007,-0.621334627816976,-0.7692632016876024
1.7041657841847566,0.6616696856808856,0.5726980856469708
0.4686350737057066,0.3765576160146941,0.7068942143804281
0.9491192388920038,0.6616696856808856,0.9752864718473427
0.6059162637589344,0.09144554634850265,-0.1653806223870445
-0.6982550417467295,0.1627235637650505,0.30430582818005614
-0.28641147158704616,-0.621334627816976,-0.9034593304210597
-0.6982550417467295,-0.5500566104004282,0.30430582818005614
-1.4533015870394823,-0.33622255815078456,-0.2995767511205018
-1.2473798019596407,-1.4053928193990026,-1.5744399740883464
-0.9041768268265712,-0.692612645233524,-0.23247868675377317
1.498243999104915,1.2318938250132685,1.4449729224144434
0.6745568587855483,0.02016752893195477,0.6397961500136995
-1.4533015870394823,-0.4787785929838803,-0.5679690085874165
-0.0804896865072045,-0.7638906626500718,0.10301163507987016
-1.3160203969862545,-0.4787785929838803,-1.037655459154517
1.0864004289452316,0.447835633431242,0.8410903431138854
0.12543209857263715,0.3765576160146941,0.3714038925467848
0.3999944786790927,-1.262836784565907,-0.9705573947877885
-1.659223372119324,-0.7638906626500718,-0.6350670729541451
1.6355251891581428,1.018059772763625,0.9752864718473427
-1.2473798019596407,-0.8351686800666197,-0.9034593304210597
1.3609628090516872,1.1606158075967208,1.0423845362140713
-1.4533015870394823,-1.6905048890651941,-1.641538038455075
-0.28641147158704616,-0.621334627816976,0.17010969944659882
2.2532905443976676,0.9467817553470771,1.1765806649475288
1.2923222140250732,1.2318938250132685,1.3778748580477147
-0.8355362317999573,0.2340015811815984,0.10301163507987016
1.1550410239718456,2.1585080514283908,2.048855501715001
-1.9337857522257795,-1.3341148019824547,-1.3731457809881604
-0.01184909148059062,-0.9064466974831675,-1.1047535235212458
1.2236816189984594,2.1585080514283908,1.914659372981544
-0.21777087656043229,-1.3341148019824547,-1.641538038455075
0.9491192388920038,0.5191136508477898,0.3714038925467848
0.7431974538121622,0.09144554634850265,-0.09828255802031584
-0.5609738516935018,-0.7638906626500718,-0.7021651373208738
0.4686350737057066,0.447835633431242,0.10301163507987016
-0.9041768268265712,-1.0490027323162632,-0.23247868675377317
-1.110098611906413,-1.3341148019824547,-1.5744399740883464
-0.6982550417467295,-0.33622255815078456,-0.031184493653587175
-1.9337857522257795,-1.4053928193990026,-1.3060477166214317
-0.21777087656043229,-1.5479488542320983,-1.3731457809881604
0.12543209857263715,0.6616696856808856,0.23720776381332748
-0.6296144467201156,-1.4053928193990026,-1.4402438453548891
-0.28641147158704616,0.09144554634850265,0.43850195691351346
0.4686350737057066,0.2340015811815984,-0.09828255802031584
0.7431974538121622,1.018059772763625,0.5726980856469708
0.7431974538121622,0.5903916682643378,0.3714038925467848
0.5372756687323205,0.447835633431242,0.8410903431138854
0.19407269359925106,-0.692612645233524,-0.23247868675377317
-0.01184909148059062,-1.0490027323162632,-1.037655459154517
1.3609628090516872,1.6595619295125559,1.310776793680986
0.12543209857263715,-0.4787785929838803,-0.1653806223870445
-0.6296144467201156,-1.120280749732811,-0.7021651373208738
1.2923222140250732,0.8755037379305292,0.43850195691351346
0.3999944786790927,0.02016752893195477,-0.23247868675377317
1.2236816189984594,1.51700589467946,1.5791690511479008
0.3999944786790927,0.30527959859814624,0.9081884074806141
-0.1491302815338184,-0.692612645233524,-0.4337728798539591
